    Experiment,       Threads,   Matrix size, Construct (s), Randomize (s),       Float 0,      Double 0,
             1,             8,             2,   0.000000321,   0.000006593,   0.001220757,    0.000783981
             2,             8,             4,   0.000000451,   0.000006623,   0.001485018,    0.000035086
             3,             8,             8,   0.000000551,   0.000007354,   0.000035787,    0.000044433
             4,             8,            16,   0.000002335,   0.000010540,   0.000068509,    0.000063185
             5,             8,            32,   0.000004558,   0.000026650,   0.000126979,    0.000133542
             6,             8,            64,   0.000012634,   0.000089278,   0.001198651,    0.000699607
             7,             8,           128,   0.000142999,   0.000490513,   0.004424706,    0.003655745
